365엠씨의원,의원,"경기도 고양시 일산동구 정발산로 43-20, (장항동, 센트럴프라자 808~809호)",031-902-3653
365자주치과의원,치과의원,"경기도 고양시 일산동구 정발산로 43-20, 센트럴프라자 601, 603호 (장항동)",031-814-0365
가로세로한의원,한의원,"경기도 고양시 일산동구 정발산로 38, (장항동, 이스턴시티 403호)",031-909-1075
강의원,의원,"경기도 고양시 일산동구 중앙로1275번길 38-10, 209호 (장항동, 우림로데오스위트)",031-919-2568
경희대성한의원,한의원,"경기도 고양시 일산동구 무궁화로 106, (정발산동, 새마을회관 1층)",031-902-8300
경희지키미한의원,한의원,"경기도 고양시 일산동구 중앙로 1079, 207호~211호(백석역 더리브 스타일) (백석동)",031-909-1000
고려튼튼마취통증의학과의원,의원,"경기도 고양시 일산동구 일산로 239, 삼성프라자 201(일부)호 (마두동)",031-907-7588
고양메디컬의원,의원,"경기도 고양시 일산동구 고봉로 795, 2층 (설문동)",031-819-7500
고양복지의료생협 봄날치과의원,치과의원,"경기도 고양시 일산동구 고봉로 278, 성창빌딩 2층 전체호 (중산동)",031-976-0061
고양본플란트치과의원,치과의원,"경기도 고양시 일산동구 위시티로 34, 5층 (식사동)",031-963-7528
고양성모안과의원,의원,"경기도 고양시 일산동구 일산로 211, 2층 (마두동)",031-905-1811
고양시일산동구보건소,보건소,"경기도 고양시 일산동구 중앙로 1100, 일산동구보건소 (백석동)",0075-2121
고양정형외과의원,의원,"경기도 고양시 일산동구 일산로 211, (마두동, 1,5층)",031-905-9700
고은미래의원,의원,"경기도 고양시 일산동구 숲속마을로 22, 진넥스 블루오션 2층 (풍동)",031-903-7600
고은이치과의원,치과의원,"경기도 고양시 일산동구 일산로 238, (마두동, 대일상가 301호)",031-932-5575
고재성의원,의원,"경기도 고양시 일산동구 백석로 109, (백석동, 백송마을3단지아파트상가동 207호)",031-901-2864
국립암센터,종합병원,"경기도 고양시 일산동구 일산로 323, (마두동)",031-920-0114
국민건강보험공단일산병원,종합병원,"경기도 고양시 일산동구 일산로 100, (백석동,백석1동 1241외1필지 4층)",1577-0013
굿센치과의원,치과의원,"경기도 고양시 일산동구 고봉로278번길 22, 일산프라자 501~504호 (중산동)",031-977-9379
그레이스병원,병원,"경기도 고양시 일산동구 중앙로 1073, (지하2층,지하1층,1층중일부,2~9층)/중앙로1071(1층중 일부, 2~4층) (백석동)",031-901-4000
기쁜하루치과의원,치과의원,"경기도 고양시 일산동구 중앙로 1059, 2층 일부호 (백석동, ISD빌딩)",031-908-2875
기특한한의원,한의원,"경기도 고양시 일산동구 중앙로 1048, 일산르메이에르프라자 5층 512,519,520호 (백석동)",031-932-2600
기풍한의원,한의원,"경기도 고양시 일산동구 중앙로 1047, 308호 (백석동, 영림브레아오피스텔)",031-908-6626
길맨비뇨기과의원,의원,"경기도 고양시 일산동구 중앙로 1047, (백석동,영림브레아오피스텔 204호, 205호)",031-905-7544
김내과의원,의원,"경기도 고양시 일산동구 일산로 214, (마두동, 화성프라자 2층)",031-904-3159
김영숙피부과의원,의원,"경기도 고양시 일산동구 중앙로 1124, 상가동 2층 207~209호 (백석동, 흰돌마을1단지아파트)",031-901-3133
김영호마취통증의학과의원,의원,"경기도 고양시 일산동구 중앙로 1200, 삼희골드프라자 203호, 204호 (마두동)",031-906-2094
김태빈내과의원,의원,"경기도 고양시 일산동구 중산로 245, (중산동,  대성상가302호)",031-975-8402
김태형정형외과의원,의원,"경기도 고양시 일산동구 일산로 442, 신일프라자 3,4(일부)층 (정발산동)",031-921-7007
나병만내과의원,의원,"경기도 고양시 일산동구 강송로 179, 301호 (마두동, 신일산빌딩 )",031-908-7570
나봄가정의학과의원,의원,"경기도 고양시 일산동구 정발산로 15, (장항동, 드림월드빌딩 202호, 203호)",031-901-9909
남서한의원,한의원,"경기도 고양시 일산동구 일산로 238, (마두동, 대일상가 302~303호)",031-904-8575
내안에봄의원,의원,"경기도 고양시 일산동구 강송로 33, 1층 A-1102-1호 (백석동, 일산 요진 와이시티)",902-8575
녹원명문한의원,한의원,"경기도 고양시 일산동구 일산로 461, (정발산동)",031-916-7982
뉴욕치과의원,치과의원,"경기도 고양시 일산동구 일산로 46, (백석동, 남정시티프라자 3차 303호)",031-901-7528
늘미소소아청소년과의원,의원,"경기도 고양시 일산동구 숲속마을로 40, 3층 (풍동, 유진프라자)",031-908-7850
늘사랑가정의학과의원,의원,"경기도 고양시 일산동구 일산로 442, 2층 (정발산동)",031-919-7054
다스람요양병원,요양병원,"경기도 고양시 일산동구 성현로29번길 28-9, 지하1층, 1층~4층 (성석동)",1800-5173
다이트한의원,한의원,"경기도 고양시 일산동구 정발산로 33, 낙원프라자 401호, 405호, 405-1호, 801호, 803호 (장항동)",1666-3733
다주한의원,한의원,"경기도 고양시 일산동구 일산로 228, (마두동, 강서빌딩 303~304호)",031-908-7885
다편한마취통증의학과의원,의원,"경기도 고양시 일산동구 중앙로 1181, 803,903호 (장항동, 교보생명 일산사옥)",031-902-5275
닥터에버스의원,의원,"경기도 고양시 일산동구 정발산로 38, 장항동이스턴시티 301, 304호 (장항동)",031-906-2010
대연치과의원,치과의원,"경기도 고양시 일산동구 강송로 179, (마두동, 신일산크리닉3층)",031-904-1751
더데이치과의원,치과의원,"경기도 고양시 일산동구 중앙로 1205, 차움라이프센터 3층 일부-301호 (장항동)",031-994-2898
더드림의원,의원,"경기도 고양시 일산동구 정발산로 33, 402~4호 (장항동, 낙원프라자)",031-904-7365
더바른소아청소년과의원,의원,"경기도 고양시 일산동구 고양대로1021번길 33, 스타타워Ⅲ 201호 (식사동)",031-994-2374
더바른치과의원,치과의원,"경기도 고양시 일산동구 일산로 197, (마두동, 3002호)",031-904-2752
더봄의원,의원,"경기도 고양시 일산동구 정발산로 27, 진원프라자 501,502(일부)호 (장항동)",031-906-7688
더조은내과의원,의원,"경기도 고양시 일산동구 숲속마을로 26, (풍동, 풍동프라자 3층)",031-905-8575
더튼튼한의원,한의원,"경기도 고양시 일산동구 정발산로 47, 웅신아트 2층 209호 (장항동)",031-902-7776
더휴정신건강의학과의원,의원,"경기도 고양시 일산동구 고양대로 757, 3층 (중산동)",031-975-5285
더히엘의원,의원,"경기도 고양시 일산동구 위시티로 34, 삼우빌딩 3층 (식사동)",031-967-7900
데일리즈의원,의원,"경기도 고양시 일산동구 무궁화로 32-12, (장항동,외3필지 라페스타E동 501호)",031-907-5400
도담치과의원,치과의원,"경기도 고양시 일산동구 중앙로 1195, 로스텔 201호 (장항동)",031-908-2893
동경치과의원,치과의원,"경기도 고양시 일산동구 중앙로 1322, (정발산동, 아이스페이스 214호)",031-901-2875
동국대학교일산불교병원,종합병원,"경기도 고양시 일산동구 동국로 27, (식사동, 동국대학교일산병원)",031-1577-7000
동국대학교일산불교한방병원,한방병원,"경기도 고양시 일산동구 동국로 27, (식사동, 동국대학교일산병원)",031-961-7000
동국마음요양병원,요양병원,"경기도 고양시 일산동구 숲속마을로 18, 웰빙타운 5~8층 4층 403,404호 (풍동)",031-811-9900
동원당한의원,한의원,"경기도 고양시 일산동구 하늘마을1로 2, 406호 (중산동,풍산프라자)",031-976-8272
동원요양병원,요양병원,"경기도 고양시 일산동구 일산로 439, 지하1~2층 지상2~5층호 (정발산동)",031-850-7000
동의약손한의원,한의원,"경기도 고양시 일산동구 숲속마을로 26, 305호 (풍동, 풍동프라자)",031-902-9500
동준한의원,한의원,"경기도 고양시 일산동구 경의로 315, (마두동, 설촌상가301,302호)",031-907-7575
동천한의원,한의원,"경기도 고양시 일산동구 강송로 179, (마두동)",031-904-0071
두레치과의원,치과의원,"경기도 고양시 일산동구 중앙로 1123, (백석동,흰돌마을 청구코아 212~214호)",031-905-6131
두리소아과의원,의원,"경기도 고양시 일산동구 강촌로 157, (마두동, 서울코아 305호)",031-932-8222
라이프치과의원,치과의원,"경기도 고양시 일산동구 중앙로 1167, (장항동,서륭빌딩5층)",031-906-4967
라페치과의원,치과의원,"경기도 고양시 일산동구 중앙로1275번길 38-5, 이레21빌딩 2층 202호, 204호 (장항동)",031-902-2200
로앤산부인과의원,의원,"경기도 고양시 일산동구 정발산로 38, 장항동이스턴시티 2층 208호 (장항동)",031-905-2222
류라인의원,의원,"경기도 고양시 일산동구 중앙로1275번길 38-10, 우림로데오스위트 222호 (장항동)",031-932-1105
리뉴앤영의원,의원,"경기도 고양시 일산동구 정발산로 31-9, 레이크프라자 505~508호 (장항동)",1644-3978
리샘한의원,한의원,"경기도 고양시 일산동구 정발산로 43-20, 310호 (장항동, 센트럴프라자)",031-903-1352
리치성형외과의원,의원,"경기도 고양시 일산동구 정발산로 31-21, 맥클린21 5층 (장항동)",031-915-3225
마두경희한의원,한의원,"경기도 고양시 일산동구 강석로 115, (마두동,장항빌딩203호.204호)",031-901-3222
마두이비인후과의원,의원,"경기도 고양시 일산동구 중앙로 1189, GM굿모닝 법조타운 302호 (장항동)",031-902-1862
마두자연의원,의원,"경기도 고양시 일산동구 산두로 4-10, 1층 (마두동)",031-901-2246
마음미소정신건강의학과의원,의원,"경기도 고양시 일산동구 정발산로 38, 장항동이스턴시티 207호 (장항동)",031-932-7711
맑은마음정신과의원,의원,"경기도 고양시 일산동구 중앙로 1072, 401호 (백석동, 아이비프라자)",031-904-2081
맑음한의원,한의원,"경기도 고양시 일산동구 장백로 172, 203호 (장항동, 금강프라자)",031-912-3034
메디서울이비인후과의원,의원,"경기도 고양시 일산동구 중앙로 1036, 베스트 고양터미널 터미널동 3층 304~305호 (백석동)",031-936-7575
모아치과의원,치과의원,"경기도 고양시 일산동구 고봉로 266, 3층 (중산동)",031-977-2900
문소아청소년과의원,의원,"경기도 고양시 일산동구 백석로 24, 상가동 209,210호 (백석동)",031-903-9450
문혜경산부인과의원,의원,"경기도 고양시 일산동구 숲속마을1로 73, 402호 (풍동, 신성메디칼타운)",031-932-2299
미라클플란트치과의원,치과의원,"경기도 고양시 일산동구 중앙로 1190, 서울타워 102~105호, 801~802호 (마두동)",031-902-1112
미래마취통증의학과의원,의원,"경기도 고양시 일산동구 고봉로 266, 5층 (중산동)",031-994-3250
미소가인피부과의원,의원,"경기도 고양시 일산동구 중앙로 1190, 301~304호 (마두동, 서울타워)",031-901-7603
미앤미의원,의원,"경기도 고양시 일산동구 정발산로 43-20, 8층 (장항동, 센트럴프라자)",031-932-8892
미플란트치과의원,치과의원,"경기도 고양시 일산동구 무궁화로 237, 4층 (중산동, 이마트풍산점)",031-977-2879
민트산부인과의원,의원,"경기도 고양시 일산동구 정발산로 47, 303호 (장항동, 웅신아트)",031-932-5525
바로나음한의원,한의원,"경기도 고양시 일산동구 숲속마을1로 71, 503호 (풍동, 샘터17)",031-909-1070
바른몸한의원,한의원,"경기도 고양시 일산동구 중앙로 1194, 금강프라자 401호 (마두동)",031-902-7585
바른시선한의원,한의원,"경기도 고양시 일산동구 중앙로 1036, 베스트 고양터미널 F6-01(일부호),F3-01(일부호)호 (백석동)",031-818-1575
바른이바른얼굴 치과교정과치과의원,치과의원,"경기도 고양시 일산동구 정발산로 31-17, 402호 (장항동, 킹타운빌딩)",031-909-0015
박소아과의원,의원,"경기도 고양시 일산동구 강송로 169, (마두동, 한주프라자202호)",031-904-0978
박유정내과의원,의원,"경기도 고양시 일산동구 중앙로 1182, (마두동, 일산올림픽스포츠센터 지하 1층)",031-902-3403
박종식한의원,한의원,"경기도 고양시 일산동구 일산로 456, (정발산동, 낙민상가 301호)",031-912-1075
반석한의원,한의원,"경기도 고양시 일산동구 탄중로425번길 3, 1층 일부호 (중산동)",031-994-1013
발머스한의원,한의원,"경기도 고양시 일산동구 중앙로1261번길 55, (장항동)",031-904-7020
밝은김안과의원,의원,"경기도 고양시 일산동구 숲속마을1로 73, 502호 (풍동, 신성메디칼 타운)",031-907-1002
밝은미소정신건강의학과의원,의원,"경기도 고양시 일산동구 중앙로 1202, 4층 일부호 (마두동, 우리은행일산지점)",031-902-0688
밤가시연세소아청소년과의원,의원,"경기도 고양시 일산동구 일산로 452, 일산프라자 5층 502~503호 (정발산동)",031-922-1517
백년한의원,한의원,"경기도 고양시 일산동구 위시티2로11번길 45, 2층 206-1호 (식사동, 위시티일산자이 주상복합)",031-965-1095
백마성동한의원,한의원,"경기도 고양시 일산동구 일산로 211, 3층 (마두동)",031-901-8001
백상치과의원,치과의원,"경기도 고양시 일산동구 일산로 204, (마두동, 동신상가301호)",031-905-7946
백석경희한의원,한의원,"경기도 고양시 일산동구 장백로 56, (백석동, 크리스탈 305호)",031-906-1393
백석서울치과의원,치과의원,"경기도 고양시 일산동구 중앙로 1036, 베스트고양터미널601~603호 (백석동)",031-901-5535
백석정형외과의원,의원,"경기도 고양시 일산동구 중앙로 1054, 3층 (백석동)",031-906-1010
백석치과의원,치과의원,"경기도 고양시 일산동구 장백로 86, 한경빌딩 201호 (백석동)",031-901-2801
백이비인후과의원,의원,"경기도 고양시 일산동구 일산로 451, 1층 2호 (정발산동)",031-925-5075
백제현경희한의원,한의원,"경기도 고양시 일산동구 위시티4로 46, (식사동, 위시티일산자이2단지아파트 상가 308호)",031-968-5454
밴스의원,의원,"경기도 고양시 일산동구 정발산로 33, 낙원프라자 6층 601, 603호 (장항동)",
베네치아치과의원,치과의원,"경기도 고양시 일산동구 중앙로 1202, (마두동, 우리은행 5층)",031-906-7533
베스트미의원,의원,"경기도 고양시 일산동구 일산로 229, 글로리코아 2층 일부호 (마두동)",
베일러선치과의원,치과의원,"경기도 고양시 일산동구 일산로 86, (재)한국중독연구재단 6층 (백석동)",031-932-2777
벨라시타가정의학과의원,의원,"경기도 고양시 일산동구 강송로 33, A-1201-3호 (백석동, 일산요진와이시티)",031-849-5717
벨피부과의원,의원,"경기도 고양시 일산동구 경의로 315, (마두동, 설촌상가304호)",031-902-4320
보아스이비인후과의원,의원,"경기도 고양시 일산동구 일산로 211, (마두동)",031-901-1227
본재활의학과의원,의원,"경기도 고양시 일산동구 중앙로 1182, (마두동, 올림픽스포츠센터 지하1층)",031-908-5975
본치과의원,치과의원,"경기도 고양시 일산동구 중앙로 1182, (마두동, 일산올림픽스포츠센타2층)",031-908-2833
봉봉소아청소년과의원,의원,"경기도 고양시 일산동구 위시티로 32, 302호 (식사동)",031-965-1275
뷰티안의원,의원,"경기도 고양시 일산동구 중앙로 1305-56, 라페스타D 221호 (장항동)",031-905-2816
브이아이피영상의학과의원,의원,"경기도 고양시 일산동구 중앙로 1205, 차움 라이프센터 205호 (장항동)",031-932-0210
브이에스라인의원,의원,"경기도 고양시 일산동구 정발산로 31-17, 킹타운 3층 301호, 302호 (장항동)",031-902-7031
블리비의원,의원,"경기도 고양시 일산동구 정발산로 38, 장항동이스턴시티 203,204호 (장항동)",1833-7382
비앤비서울치과의원,치과의원,"경기도 고양시 일산동구 무궁화로 31-2, (장항동, 풍성프라자 301호)",031-919-0907
빛과소금내과의원,의원,"경기도 고양시 일산동구 일산로 240, (마두동, 백마프라자 2층)",031-905-8175
사는기쁨이비인후과의원,의원,"경기도 고양시 일산동구 고양대로 739, 주은프라자 201, 202, 203호 (중산동)",031-975-8822
사적인아름다움 지유의원,의원,"경기도 고양시 일산동구 정발산로 21, 제이3타워 501호 (장항동)",031-812-0196
산타클로스의원,의원,"경기도 고양시 일산동구 중앙로1261번길 55, 효산캐슬 303호,304호 (장항동)",031-905-7591
삶정신건강의학과의원,의원,"경기도 고양시 일산동구 중앙로 1047, 영림브레아오피스텔 3층 306호 (백석동)",031-904-5701
삼성그린마취통증의학과의원,의원,"경기도 고양시 일산동구 중앙로 1192, 2층 201~202호 (마두동)",031-994-1428
삼성드림이비인후과의원,의원,"경기도 고양시 일산동구 정발산로 33, (장항동, 낙원프라자 4층)",031-904-1365
삼성베스트의원,의원,"경기도 고양시 일산동구 무궁화로 237, 4층 (중산동, 이마트풍산점)",031-977-9077
삼성의원,의원,"경기도 고양시 일산동구 중앙로 1182, (마두동, 일산올림필스포츠센터 지하 1층)",031-903-5040
상쾌한아침한의원,한의원,"경기도 고양시 일산동구 정발산로 47, 웅신아트 4층 413호 (장항동)",031-901-4642
새봄외과의원,의원,"경기도 고양시 일산동구 정발산로 38, 장항동이스턴시티 307-1, 308호 (장항동)",031-901-7777
새봄한의원,한의원,"경기도 고양시 일산동구 일산로 214, (마두동)",031-903-7975
생기한의원,한의원,"경기도 고양시 일산동구 중앙로 1181, 10층 (장항동, 교보빌딩)",031-905-4275
샤인키즈앤쥬니어치과의원,치과의원,"경기도 고양시 일산동구 일산로 198, 주화빌딩 2층 201~202호 (마두동)",031-901-8228
서울가정의학과의원,의원,"경기도 고양시 일산동구 정발산로 38, (장항동, 이스턴시티 306,306-1호)",031-902-1277
서울강플란트치과의원,치과의원,"경기도 고양시 일산동구 정발산로 47, (장항동, 웅신아트프라자 201호)",031-932-7528
서울고려한의원,한의원,"경기도 고양시 일산동구 일산로 447, (정발산동, 신풍빌딩 201호)",031-915-7661
서울그린치과의원,치과의원,"경기도 고양시 일산동구 일산로 208, (마두동, 한일파킹타운 202~204호)",031-905-2835
서울더블유치과의원,치과의원,"경기도 고양시 일산동구 위시티로 81, (식사동, 풍산트윈시티 2 207호)",031-962-2060
서울덴토피아치과의원,치과의원,"경기도 고양시 일산동구 중앙로1261번길 55, 4층 401호 (장항동)",031-907-5575
서울리더스치과의원,치과의원,"경기도 고양시 일산동구 일산로 38, (백석동, 우림오피스텔 302호)",031-906-7522
서울마로니에치과의원,치과의원,"경기도 고양시 일산동구 숲속마을1로 71, (풍동, 샘터 17 402호)",031-907-2987
서울수치과의원,치과의원,"경기도 고양시 일산동구 하늘마을1로 2, (중산동)",031-976-7520
서울아산김내과의원,의원,"경기도 고양시 일산동구 중산로 67, 중산동 아카메디 203호 (중산동)",031-976-1075
서울아산맥외과의원,의원,"경기도 고양시 일산동구 정발산로 38, 장항동이스턴시티 2층 206호 (장항동)",031-905-8119
서울에스치과의원,치과의원,"경기도 고양시 일산동구 숲속마을1로 73, (풍동, 신성메디칼타운 301,302호)",031-907-2879
서울엔(N)비뇨의학과의원,의원,"경기도 고양시 일산동구 정발산로 38, 장항동이스턴시티 405호 (장항동)",031-927-9202
서울위너스치과의원,치과의원,"경기도 고양시 일산동구 장백로 194, (장항동, 위너스21빌딩 403호)",031-905-9058
서울자연이치과의원,치과의원,"경기도 고양시 일산동구 일산로 235, 4층 일부호 (마두동)",031-811-2888
서울정도치과의원,치과의원,"경기도 고양시 일산동구 숲속마을로 48, (풍동,신성프라자502호)",031-908-7711
서울정석치과의원,치과의원,"경기도 고양시 일산동구 중앙로1275번길 38-15, 삼희포시즌프라자 5층 501호 (장항동)",906-2885
서울해피키즈치과의원,치과의원,"경기도 고양시 일산동구 고양대로1021번길 33, 스타타워Ⅲ 2층 202호,203호 (식사동)",031-969-0028
서원구마취통증의학과의원,의원,"경기도 고양시 일산동구 숲속마을1로 76, 504호 (풍동, 힘찬프라자)",031-907-1975
선치과의원,치과의원,"경기도 고양시 일산동구 중산로 67, 3층 301호 (중산동)",031-962-2873
성모25의원,의원,"경기도 고양시 일산동구 중앙로1261번길 55, 3층 305호 (장항동)",031-904-3365
성모드림내과의원,의원,"경기도 고양시 일산동구 위시티2로11번길 45, 2층 206-2호 (식사동, 위시티일산자이 주상복합)",031-904-5033
성모센트럴마디척의원,의원,"경기도 고양시 일산동구 무궁화로 32-12, 라페스타E 401(일부)호 (장항동)",031-904-7582
성보한의원,한의원,"경기도 고양시 일산동구 중앙로 1123, 215호 (백석동, 흰돌마을2단지아파트)",031-903-7575
성산한의원,한의원,"경기도 고양시 일산동구 고양대로 739, 주은프라자 305호 (중산동)",031-977-0075
세란의원,의원,"경기도 고양시 일산동구 장백로 172, (장항동, 금강프라자301,304호)",031-904-3263
세은치과의원,치과의원,"경기도 고양시 일산동구 강석로 149, (마두동, 강촌프라자 401~402호)",031-905-0025
세인내과의원,의원,"경기도 고양시 일산동구 정발산로 43-7, (장항동, 메리트윈9층)",031-905-0875
센트럴성형외과의원,의원,"경기도 고양시 일산동구 정발산로 43-20, (장항동)",031-901-5755
송영득엔도내과의원,의원,"경기도 고양시 일산동구 중앙로 1080, 301호 (백석동, 남정골드프라자)",031-907-6605
수여성의원,의원,"경기도 고양시 일산동구 일산로 46, (백석동, 남정시티프라자 3차 305호)",031-905-1010
숨길을열다한의원,한의원,"경기도 고양시 일산동구 무궁화로 20-38, 3층 322호 (장항동, 로데오탑)",906-1073
숨수면의원,의원,"경기도 고양시 일산동구 일산로 46, 남정시티프라자 409호, 410호 (백석동)",031-932-7800
숲속부부한의원,한의원,"경기도 고양시 일산동구 숲속마을1로 77, 401호 (풍동, 그린메디피아)",031-932-1075
스노우의원,의원,"경기도 고양시 일산동구 중앙로1261번길 61, 메트로골드 6층 603~605-1호 (장항동)",031-819-1004
스무살의원,의원,"경기도 고양시 일산동구 정발산로 24, A-403호 (장항동, 웨스턴돔)",031-932-9737
스카이비뇨의학과의원,의원,"경기도 고양시 일산동구 숲속마을1로 73, 신성메디칼 타운 601호 (풍동)",031-831-7582
식사위여성의원,의원,"경기도 고양시 일산동구 위시티로 34, 6층 (식사동)",031-994-7560
신기율한의원,한의원,"경기도 고양시 일산동구 숲속마을로 38, 아크리아 302호 (풍동)",031-907-1001
신록내과의원,의원,"경기도 고양시 일산동구 중앙로 1190, 서울타워 602호 (마두동)",031-904-7575
신석균사랑내과의원,의원,"경기도 고양시 일산동구 장백로 194, 위너스21 701~706호 (장항동)",031-906-9111
아나파치과의원,치과의원,"경기도 고양시 일산동구 중앙로 1047, (백석동, 영림브레아오피스텔304호)",031-902-2875
아름내과의원,의원,"경기도 고양시 일산동구 숲속마을로 48, (풍동,신성프라자 303호)",031-903-1175
아비쥬의원,의원,"경기도 고양시 일산동구 중앙로1275번길 64, 홈플러스 일산점 4층 일부호 (장항동)",1544-0377
아산연세베스트내과의원,의원,"경기도 고양시 일산동구 위시티4로 46, 201~203, 204 일부, 306호 (식사동, 위시티일산자이2단지아파트)",031-969-5678
아산최은녕산부인과의원,의원,"경기도 고양시 일산동구 정발산로 43-20, 센트럴프라자 512(일부)호 (장항동)",031-906-7085
아이랑치과의원,치과의원,"경기도 고양시 일산동구 중앙로 1171, (장항동, 895번지 현대프리젠트프라자 214~219호)",031-908-2275
앤유의원,의원,"경기도 고양시 일산동구 중앙로1261번길 55, 402호 (장항동, 효산캐슬)",031-901-2994
약손한의원,한의원,"경기도 고양시 일산동구 강송로 169, 한주프라자 201호 (마두동)",031-901-7510
어담한의원,한의원,"경기도 고양시 일산동구 중산로 105, (중산동, 현해프라자 306호)",031-977-0019
에스의원,의원,"경기도 고양시 일산동구 숲속마을1로 71, 샘터17 6층 604~605호 (풍동)",031-924-6177
에이스이비인후과의원,의원,"경기도 고양시 일산동구 장백로 172, (장항동, 금강프라자 202호)",031-932-5300
연세굿신경외과의원,의원,"경기도 고양시 일산동구 위시티로 34, 삼우빌딩 주건축물제1동 1층 일부, 2층전체호 (식사동)",031-811-0119
연세나을병원,병원,"경기도 고양시 일산동구 장백로 174, 지하1층~지상10층 (장항동)",031-949-4188
연세내과의원,의원,"경기도 고양시 일산동구 강석로 115, (마두동, 장항빌딩301,302호)",031-903-8281
연세닥터스치과의원,치과의원,"경기도 고양시 일산동구 대산로 28, (정발산동,정석코아 201호)",031-924-0506
연세더나은의원,의원,"경기도 고양시 일산동구 일산로 219, 502호 (마두동)",031-994-2575
연세드림재활의학과의원,의원,"경기도 고양시 일산동구 숲속마을로 22, (풍동,진넥스블루오션 301)",031-932-9090
연세마두병원,병원,"경기도 고양시 일산동구 강석로 123, (마두동, 뉴삼창마트)",902-5000
연세마디마취통증의학과의원,의원,"경기도 고양시 일산동구 정발산로 23, 호수빌딩 3층 301호 (장항동)",031-994-4225
연세모벨르의원,의원,"경기도 고양시 일산동구 정발산로 47, 302호 (장항동, 웅신아트)",031-905-0580
연세물방울치과의원,치과의원,"경기도 고양시 일산동구 숲속마을1로 76, (풍동, 힘찬프라자 301호)",031-905-2882
연세미소앤치과의원,치과의원,"경기도 고양시 일산동구 강석로 123, 뉴삼창마트 2층 일부호 (마두동)",031-902-9226
연세미치과의원,치과의원,"경기도 고양시 일산동구 일산로 46, (백석동, 남정시티프라자 3차 407호)",031-905-7285
연세바로치과교정과치과의원,치과의원,"경기도 고양시 일산동구 정발산로 27, 진원프라자 4층 일부호 (장항동)",031-906-7528
연세바른이치과의원,치과의원,"경기도 고양시 일산동구 중앙로 1188, (마두동,3층)",031-906-2833
연세백마치과의원,치과의원,"경기도 고양시 일산동구 일산로 233, 5층 (마두동)",031-907-2828
연세사랑의치과의원,치과의원,"경기도 고양시 일산동구 숲속마을로 18, (풍동, 웰빙타운 402호 )",031-906-2279
연세삼육오매일의원,의원,"경기도 고양시 일산동구 성석로 30, 2층 (중산동)",031-977-3657
연세서울병원,정신병원,"경기도 고양시 일산동구 중앙로 1200, 삼희골드프라자 5,6,7,9층 902호 (마두동)",031-907-9920
연세송내과의원,의원,"경기도 고양시 일산동구 중앙로 1080, (백석동, 남정골드프라자 501~503호)",031-907-7511
연세아이비치과의원,치과의원,"경기도 고양시 일산동구 중앙로 1055, 레이크하임 2층 211, 212호 (백석동)",031-812-2080
연세엘치과의원,치과의원,"경기도 고양시 일산동구 숲속마을로 38, (풍동, 아크리아 401호)",031-904-2871
연세예스치과의원,치과의원,"경기도 고양시 일산동구 호수로 358-25, (백석동)",908-5275
연세윤치과의원,치과의원,"경기도 고양시 일산동구 정발산로 43-20, 5층 501호 (장항동, 센트럴프라자)",031-932-2875
연세으뜸치과의원,치과의원,"경기도 고양시 일산동구 숲속마을1로 77, 그린메디피아 302~304호 (풍동)",031-908-2879
연세의원,의원,"경기도 고양시 일산동구 숲속마을1로 29-37, 402호 (풍동, 서광미르프라자)",031-963-2339
연세이룸정신건강의학과의원,의원,"경기도 고양시 일산동구 정발산로 47, (장항동, 웅신아트 304호)",031-902-7820
연세자이치과의원,치과의원,"경기도 고양시 일산동구 위시티2로11번길 45, 301호 (식사동, 위시티일산자이 주상복합)",031-818-7003
연세진외과의원,의원,"경기도 고양시 일산동구 중앙로 1167, 603호 (장항동)",031-901-3985
연세참비뇨의학과의원,의원,"경기도 고양시 일산동구 강석로 113, 2층 (마두동, 일산농협마두역지점)",031-927-9276
연세청담항외과의원,의원,"경기도 고양시 일산동구 중앙로 1193, 3층 (장항동, 마두법조빌딩)",031-903-3232
연세최의겸정신과의원,의원,"경기도 고양시 일산동구 중앙로1275번길 38-10, 220호 (장항동, 우림로데오스위트)",031-904-5575
연세치과의원,치과의원,"경기도 고양시 일산동구 일산로 442, 4층 (정발산동)",031-921-7528
연세플라워치과병원,치과병원,"경기도 고양시 일산동구 정발산로42번길 5, (장항동, 대한생명 일산사옥 12층)",031-917-4009
연세항정외과의원,의원,"경기도 고양시 일산동구 고봉로 266, 4층 (중산동)",031-976-7175
연한의원,한의원,"경기도 고양시 일산동구 숲속마을로 44, 풍동 미래타워 3층 302호 (풍동)",031-935-5758
열린부부한의원,한의원,"경기도 고양시 일산동구 중산로 244, 고은프라자 3층 301호 (중산동)",031-977-8770
열린성모이비인후과의원,의원,"경기도 고양시 일산동구 위시티4로 46, (식사동, 위시티일산자이2단지아파트 상가 301호)",963-0045
열린치과의원,치과의원,"경기도 고양시 일산동구 일산로 328, 301호 (마두동, 수색상가)",031-907-0500
예스뉴욕치과의원,치과의원,"경기도 고양시 일산동구 고양대로1021번길 39, 2층 일부호 (식사동)",031-962-1591
예스의원,의원,"경기도 고양시 일산동구 숲속마을1로 76, (풍동, 힘찬프라자 302호)",031-906-2901
예원부부치과의원,치과의원,"경기도 고양시 일산동구 탄중로 321, (중산동, 중앙프라자302호)",031-975-9075
옐로우의원,의원,"경기도 고양시 일산동구 정발산로 43-20, 506.507호 (장항동, 센트럴프라자)",907-6111
오케이정형외과의원,의원,"경기도 고양시 일산동구 숲속마을1로 77, 그린메디피아 201호, 601~604호 (풍동)",031-902-5555
오킴스오성형외과의원,의원,"경기도 고양시 일산동구 중앙로1261번길 55, 5(일부)층 (장항동)",031-906-8222
오킴스케이성형외과의원,의원,"경기도 고양시 일산동구 중앙로1261번길 55, 5(일부)층 (장항동)",031-906-3222
오킴스피부과의원,의원,"경기도 고양시 일산동구 강석로 123, (마두동)",031-902-9333
온봄의원,의원,"경기도 고양시 일산동구 위시티2로11번길 45, 제상가(C)동 2층 218호 (식사동, 위시티일산자이 주상복합)",031-360-0067
우성산부인과의원,의원,"경기도 고양시 일산동구 고양대로 762, 2층 204~205호 (중산동)",031-976-7768
원피부과의원,의원,"경기도 고양시 일산동구 강송로 179, 401호 (마두동, 신일산빌딩 )",031-904-0319
웨스턴호치과의원,치과의원,"경기도 고양시 일산동구 정발산로 24, (장항동, 웨스턴돔 2 B-305,306호)",031-931-5003
웰빙치과의원,치과의원,"경기도 고양시 일산동구 일산로 207, (마두동,현대쇼핑상가202호)",031-908-2877
위시티365경희한의원,한의원,"경기도 고양시 일산동구 위시티2로11번길 31, 스타타워 211호 (식사동)",031-968-1175
위시티소아청소년과의원,의원,"경기도 고양시 일산동구 위시티4로 80, (식사동, 위시티일산자이1단지아파트, 202호일부,203호)",031-967-9958
위시티아름다운의원,의원,"경기도 고양시 일산동구 위시티2로11번길 31, 3층 (식사동, 스타타워)",031-962-5350
위시티연세치과의원,치과의원,"경기도 고양시 일산동구 위시티2로11번길 31, (식사동, 스타타워 301호, 302-1호)",031-969-7528
위시티웰치과의원,치과의원,"경기도 고양시 일산동구 위시티로 67, (식사동)",031-965-2275
위시티정형외과의원,의원,"경기도 고양시 일산동구 위시티2로11번길 31, 304호 (식사동, 스타타워)",031-963-1400
위시티클린이비인후과의원,의원,"경기도 고양시 일산동구 위시티2로11번길 31, 스타타워 3층 306호 (식사동)",031-963-2200
위존한의원,한의원,"경기도 고양시 일산동구 중앙로 1322, 일산현대아이스페이스 2층 217~218호 (정발산동)",031-816-7575
유디치과의원,치과의원,"경기도 고양시 일산동구 중앙로1261번길 19, (장항동)",031-932-1110
유반하지 영상의학과의원,의원,"경기도 고양시 일산동구 정발산로 47, 웅신아트 301호 (장항동)",031-994-7520
유앤미여성외과의원,의원,"경기도 고양시 일산동구 정발산로 43-20, (장항동, 센트럴프라자 508~509호)",031-901-6075
유앤아이의원,의원,"경기도 고양시 일산동구 중앙로1275번길 38-5, 이레21빌딩 401(일부),402(일부),403(일부)호 (장항동)",031-994-6021
유용우한의원,한의원,"경기도 고양시 일산동구 정발산로 24, (장항동, 웨스턴돔 2 B-307,308호)",031-813-1311
윤솔한의원,한의원,"경기도 고양시 일산동구 중앙로 1124, 108호,109호 (백석동, 흰돌마을1단지아파트)",031-901-9373
의료법인 세경의료재단 새빛안과병원,병원,"경기도 고양시 일산동구 중앙로 1065, (백석동)",031-900-7700
의료법인두영의료재단 정안요양병원,요양병원,"경기도 고양시 일산동구 성현로377번길 128-4, (문봉동)",977-8757
의료법인마리아의료재단마리아의원,의원,"경기도 고양시 일산동구 중앙로 1060, 2,3층,4(일부)층 (백석동)",031-924-6555
의료법인상록의료재단화정병원,정신병원,"경기도 고양시 일산동구 중산로157번길 49, 대산타운 106~109, 110, 201~205, 301, 401, 501, 601호 (중산동)",031-979-7572
의료법인성광의료재단일산차병원,종합병원,"경기도 고양시 일산동구 중앙로 1205, 지하1층(일부),지하2층,지하4층(일부),1층(일부),2층(일부),3층(일부),4~5층,6층(일부), 7~10층 (장항동)",031-782-8300
의료법인일산복음병원,병원,"경기도 고양시 일산동구 고양대로 760, 가동 (중산동, 일산복음병원)",031-977-5000
이(e)-하나로치과의원,치과의원,"경기도 고양시 일산동구 공릉천로 30, 2층 (사리현동, 경하빌딩)",031-968-2875
이내과의원,의원,"경기도 고양시 일산동구 숲속마을1로 73, 신성메디칼 타운 202호 (풍동)",031-906-7553
이든한의원,한의원,"경기도 고양시 일산동구 백마로 195, 2층 (장항동, 에스케이엠시티오피스)",02-2264-8822
이사랑치과의원,치과의원,"경기도 고양시 일산동구 장백로 172, (장항동, 금강프라자 303호)",031-907-2875
이성근치과의원,치과의원,"경기도 고양시 일산동구 장백로 206, 이지로빌딩 8층 (장항동)",031-932-1188
이소아과의원,의원,"경기도 고양시 일산동구 탄중로 316, 301호 (중산동, 솔샘프라자 )",031-975-3177
이영도가정의학과의원,의원,"경기도 고양시 일산동구 대산로 28, 501호 (정발산동)",031-917-8281
이원행 화접몽한의원,한의원,"경기도 고양시 일산동구 중앙로 1195, 로스텔 301,303호 (장항동)",031-902-0221
이윤영이비인후과의원,의원,"경기도 고양시 일산동구 숲속마을1로 77, (풍동, 그린메디피아 301호)",031-902-7005
이일신경외과의원,의원,"경기도 고양시 일산동구 정발산로 43-20, 5층 510~513,515호 (장항동, 센트럴프라자)",031-906-8275
이재한의원,한의원,"경기도 고양시 일산동구 강송로 119, 용신코아 3층 302호 (백석동)",031-903-0099
이지신경외과의원,의원,"경기도 고양시 일산동구 일산로 46, (백석동, 남정시티프라자 3차 308~309호)",031-903-1177
이튼치과의원,치과의원,"경기도 고양시 일산동구 고봉로 20-5, (장항동, 포오스프라자 2차 303, 304호)",031-924-7528
이편한치과의원,치과의원,"경기도 고양시 일산동구 강석로 115, (마두동, 장항빌딩 402호)",031-906-7582
이푸른요양병원,요양병원,"경기도 고양시 일산동구 중앙로 1124, 4층 (백석동, 흰돌마을1단지아파트 상가동)",031-932-3338
이화연소아청소년과의원,의원,"경기도 고양시 일산동구 숲속마을1로 29-30, (풍동, 라고크리닉 202호)",031-901-7288
일산21세기병원,병원,"경기도 고양시 일산동구 중앙로 1059, (백석동, ISD빌딩 3~8층)",031-909-9600
일산365한의원,한의원,"경기도 고양시 일산동구 중앙로 1192, 301,302호 (마두동, 월드프라자)",031-903-0365
일산고운세상피부과의원,의원,"경기도 고양시 일산동구 정발산로 47, 401호 (장항동, 웅신아트)",031-932-8275
일산남다른마취통증의학과의원,의원,"경기도 고양시 일산동구 중앙로 1195, 로스텔 202~204호 (장항동)",031-901-8275
일산다나은한방병원,한방병원,"경기도 고양시 일산동구 고봉로 467-57, 가동 지하1층~지상3층 (성석동)",031-975-1275
일산라쥬네스내과의원,의원,"경기도 고양시 일산동구 무궁화로 18, (장항동, 남정시티프라자 1차 302호)",031-908-8278
일산리더스요양병원,요양병원,"경기도 고양시 일산동구 위시티로 18, 5~8층 (식사동, 동국타워)",031-962-0050
일산린치과의원,치과의원,"경기도 고양시 일산동구 중앙로 1197, (장항동, 형지 제3빌딩 7층)",031-1644-7728
일산마두정형외과의원,의원,"경기도 고양시 일산동구 중앙로 1182, 올림픽스포츠센터 2층 201-1호, 202호 (마두동)",031-907-1119
일산바른왕플란트치과의원,치과의원,"경기도 고양시 일산동구 중앙로 1193, 10층 (장항동)",031-904-0428
일산복음재활병원,병원,"경기도 고양시 일산동구 고양대로 760, 나동 6~10층 (중산동)",031-977-6633
일산사랑요양병원,요양병원,"경기도 고양시 일산동구 장백로 86, 한경빌딩 3~6층 (백석동)",031-901-8119
일산서울한의원,한의원,"경기도 고양시 일산동구 일산로 46, (백석동,남정씨티프라자 408호)",031-902-5583
일산성모이비인후과의원,의원,"경기도 고양시 일산동구 강촌로 157, (마두동, 서울코아306,307호)",031-905-8912
일산수외과의원,의원,"경기도 고양시 일산동구 중앙로 1080, 남정골드프라자 204호 (백석동)",031-901-5397
일산스타28치과의원,치과의원,"경기도 고양시 일산동구 무궁화로 32-12, (장항동,라페스타E동 501호)",031-932-2814
일산아르고요양병원,요양병원,"경기도 고양시 일산동구 하늘마을1로 14, 일산 조은프라자 3층,401~404,407,409호,6층,7층 (중산동)",031-976-1844
일산앞선치과의원,치과의원,"경기도 고양시 일산동구 일산로 46, (백석동)",031-902-8275
일산연합의원,의원,"경기도 고양시 일산동구 공릉천로 32, 2층 (사리현동)",031-962-1318
일산웰치과의원,치과의원,"경기도 고양시 일산동구 정발산로 38, (장항동, 이스턴시티 303,303-1호)",031-901-2842
일산윌내과의원,의원,"경기도 고양시 일산동구 고양대로1021번길 33, 스타타워Ⅲ 3층 302~304호 (식사동)",031-963-8808
일산윤내과의원,의원,"경기도 고양시 일산동구 강촌로 157, (마두동, 서울코아빌딩308호)",031-904-9138
일산이비인후과의원,의원,"경기도 고양시 일산동구 무궁화로 39, (장항동, 삼라마이다스 3차 206,209,210호)",031-917-1155
일산이편한치과의원,치과의원,"경기도 고양시 일산동구 고봉로278번길 17, (중산동, 산들마을2단지아파트 상가동 201호)",031-923-2804
일산자생한방병원,한방병원,"경기도 고양시 일산동구 중앙로 1130, B2-01~19호 (마두동, 강촌마을6단지아파트)",031-931-7041
일산제일산부인과의원,의원,"경기도 고양시 일산동구 중앙로 1167, 서륭프라자 10층 2호 (장항동)",031-994-3031
일산좋은치과의원,치과의원,"경기도 고양시 일산동구 일산로 441, (정발산동, 일성조합상가 301~302호)",031-913-2876
일산참사랑요양병원,요양병원,"경기도 고양시 일산동구 무궁화로 31-16, (장항동, 남정시티프라자8차 3층, 4층, 6층, 8층)",031-918-1070
일산탑내과의원,의원,"경기도 고양시 일산동구 중앙로 1193, 마두법조빌딩 401호 (장항동)",031-905-7575
일산하얀치과의원,치과의원,"경기도 고양시 일산동구 중앙로 1124, 2층 201호 (백석동, 흰돌마을1단지아파트)",031-905-2875
일산하이병원,병원,"경기도 고양시 일산동구 고양대로 761, (중산동)",031-1522-1275
일산하이치과의원,치과의원,"경기도 고양시 일산동구 일산로 243, (마두동,주영빌딩 2층 201호)",031-905-8275
일산한의원,한의원,"경기도 고양시 일산동구 무궁화로 237, 이마트 풍산점 2층 일부호 (중산동)",031-976-7706
일산현대요양병원,요양병원,"경기도 고양시 일산동구 무궁화로 346, 지하1~2층,1~3층 (풍동)",031-922-7575
일산현대의원,의원,"경기도 고양시 일산동구 강촌로 157, (마두동,서울코아 2층)",031-908-5678
일산호수요양병원,요양병원,"경기도 고양시 일산동구 호수로 646-24, 위너스21 II 3,5,6층 (장항동)",031-903-8275
일산효성내과의원,의원,"경기도 고양시 일산동구 하늘마을1로 2, 풍산프라자 2층 207호 (중산동)",976-7525
자성의원,의원,"경기도 고양시 일산동구 일산로 368, B1(일부),1~3층 (정발산동)",031-904-1002
자애요양병원,요양병원,"경기도 고양시 일산동구 고봉로 20-21, 양우로데오랜드 3층일부, 4층, 5층 (장항동)",031-919-9942
자향한방병원,한방병원,"경기도 고양시 일산동구 백마로 490, (풍동)",1661-8927
잘봄한의원,한의원,"경기도 고양시 일산동구 중산로 63, 현대프라자 301호 (중산동)",031-927-9923
장항중앙의원,의원,"경기도 고양시 일산동구 장항로 293, 1층 (장항동)",031-905-8286
전진훈소아과의원,의원,"경기도 고양시 일산동구 중앙로 1124, (백석동, 흰돌마을1단지아파트상가동 2층)",031-902-7505
정다운치과의원,치과의원,"경기도 고양시 일산동구 일산로 211, (마두동, 3층)",031-907-2804
정발산경희한의원,한의원,"경기도 고양시 일산동구 일산로 453, (정발산동, 신대성상가201호)",031-915-1475
정발산사과나무치과의원,치과의원,"경기도 고양시 일산동구 정발산로 47, (장항동, 웅신아트309,310호)",031-932-2876
정발산튼튼척의원,의원,"경기도 고양시 일산동구 정발산로 38, 장항동이스턴시티 208호 일부, 408호 (장항동)",031-902-4758
정성미한의원,한의원,"경기도 고양시 일산동구 정발산로 43-20, 센트럴프라자 412~416호 (장항동)",031-915-8288
정은형치과의원,치과의원,"경기도 고양시 일산동구 일산로 408, 4층 (정발산동)",031-917-2876
제너리스의원,의원,"경기도 고양시 일산동구 정발산로 43-20, 센트럴프라자 410,411호 (장항동)",031-904-9555
제일안과의원,의원,"경기도 고양시 일산동구 중앙로 1171, 현대프리젠트 208,211호 (장항동)",031-905-3357
제일정신건강의학과의원,의원,"경기도 고양시 일산동구 중앙로 1189, GM굿모닝 법조타운 201호 (장항동)",031-904-8111
조은가정의학과의원,의원,"경기도 고양시 일산동구 숲속마을로 50-54, (풍동, 세훈프라자 402호)",031-905-7333
좋은하루치과의원,치과의원,"경기도 고양시 일산동구 백석로 24, (백석동, 흰돌마을 상가동 304)",031-901-3182
중산사과나무치과병원,치과병원,"경기도 고양시 일산동구 고양대로 762, 309호 (중산동)",031-977-0123
중산센트럴가정의학과의원,의원,"경기도 고양시 일산동구 중산로 67, 중산동 아카메디 3층 303호,304호 (중산동)",031-977-0772
중산연세치과의원,치과의원,"경기도 고양시 일산동구 탄중로 421, 웅산프라자304호 (중산동)",031-975-0028
중산정형외과의원,의원,"경기도 고양시 일산동구 중산로 234, (중산동, 승산빌딩1층)",031-975-8233
중산한의원,한의원,"경기도 고양시 일산동구 중산로 229, 401호 (중산동)",031-977-1201
지엘한의원,한의원,"경기도 고양시 일산동구 장백로 86, 203호 (백석동, 한경빌딩)",031-903-0690
지오한의원,한의원,"경기도 고양시 일산동구 위시티2로 23, 201호 (식사동, 지오빌딩)",031-902-9222
진내과의원,의원,"경기도 고양시 일산동구 위시티로 81, (식사동)",031-965-5995
차앤리성형외과의원,의원,"경기도 고양시 일산동구 중앙로 1205, 차움라이프센터 3층 일부-304호 (장항동)",031-906-0033
차연요양병원,요양병원,"경기도 고양시 일산동구 중앙로 1312, 4~5층 (정발산동)",031-816-1010
차원정형외과의원,의원,"경기도 고양시 일산동구 중앙로 1205, 차움라이프센터 3층 일부-306호 (장항동)",031-994-7704
참경희한의원,한의원,"경기도 고양시 일산동구 강석로 149, 강촌프라자 302~303호 (마두동)",031-902-1075
참좋은치과의원,치과의원,"경기도 고양시 일산동구 중산로 241, 해태쇼핑타운 605호 (중산동)",031-975-2275
채한승치과의원,치과의원,"경기도 고양시 일산동구 강송로 170, (마두동, 현대프라자빌딩205,206호)",031-908-7575
청아한의원,한의원,"경기도 고양시 일산동구 강송로 170, (마두동, 현대프라자303,304호)",031-901-3700
체질홍한의원,한의원,"경기도 고양시 일산동구 정발산로 47, 207호 (장항동, 웅신아트)",031-901-1075
최규복내과의원,의원,"경기도 고양시 일산동구 고봉로 266, 2층 전체호 (중산동)",031-976-7575
최병진한의원,한의원,"경기도 고양시 일산동구 중앙로 1182, 올림픽스포츠센터 2층 205(일부)호 (마두동)",031-932-6054
최의원,의원,"경기도 고양시 일산동구 일산로 211, (마두동)",031-904-6167
최치과의원,치과의원,"경기도 고양시 일산동구 중앙로 1191, 굿모닝 법조타운I 503호 (장항동)",031-905-2275
치아나라치과의원,치과의원,"경기도 고양시 일산동구 숲속마을로 42, (풍동, 에이스타워 3층)",031-905-2845
치아살리는치과의원,치과의원,"경기도 고양시 일산동구 정발산로 43-20, 센트럴프라자 212,213호 (장항동)",031-8076-7522
치유마취통증의학과의원,의원,"경기도 고양시 일산동구 숲속마을1로 71, 샘터17 3층 303, 304, 305호 (풍동)",031-8073-8575
치유본의원,의원,"경기도 고양시 일산동구 중앙로1261번길 61, 메트로골드 1층106호, 8층 일부호 (장항동)",031-903-8875
치유본한의원,한의원,"경기도 고양시 일산동구 중앙로1261번길 61, 메트로골드(8층일부, 9층) (장항동)",031-903-8875
카프성모병원,정신병원,"경기도 고양시 일산동구 일산로 86, (백석동, 한국음주문화센터)",031-810-9200
케이톡스의원,의원,"경기도 고양시 일산동구 정발산로 23, 502호 (장항동, 호수빌딩)",031-906-5555
코넬비뇨기과의원,의원,"경기도 고양시 일산동구 정발산로 43-20, 408~409호 (장항동, 센트럴프라자)",031-907-7085
쿨맨남성의원,의원,"경기도 고양시 일산동구 일산로 46, 406호 (백석동, 남정씨티프라자)",031-932-7932
타임치과의원,치과의원,"경기도 고양시 일산동구 숲속마을로 26, 4층 401호 (풍동, 풍동프라자)",031-906-2875
톤즈의원,의원,"경기도 고양시 일산동구 중앙로1261번길 61, 401호 (장항동, 메트로골드)",031-994-1753
트루덴치과의원,치과의원,"경기도 고양시 일산동구 중앙로1275번길 38-10, (장항동, 우림로데오스위트 215,216호)",031-906-0700
파이안의원,의원,"경기도 고양시 일산동구 정발산로 43-7, 4층 (장항동, 메리트윈 )",031-904-8848
포레의원,의원,"경기도 고양시 일산동구 정발산로 38, 401~2호 (장항동, 이스턴시티)",031-905-8352
푸른맥외과의원,의원,"경기도 고양시 일산동구 정발산로 43-20, 514,516호 (장항동, 센트럴프라자)",031-908-3575
풍동바른내과의원,의원,"경기도 고양시 일산동구 숲속마을1로 76, 힘찬프라자 6층 602-603호 (풍동)",031-932-7575
풍동바른내과의원,의원,"경기도 고양시 일산동구 숲속마을1로 76, 힘찬프라자 6층 602-603호 (풍동)",031-932-7575
풍동연세이비인후과의원,의원,"경기도 고양시 일산동구 숲속마을1로 76, (풍동, 힘찬프라자 303호)",031-907-7770
풍동한미르치과의원,치과의원,"경기도 고양시 일산동구 숲속마을1로 29-30, (풍동,라고크리닉빌딩 201호.)",031-919-7528
플란치과의원,치과의원,"경기도 고양시 일산동구 정발산로 33, 낙원프라자 9층 902호 (장항동)",1555-2811
하나치과의원,치과의원,"경기도 고양시 일산동구 노루목로 100, (장항동, 호수마을2단지아파트상가동 1202호)",031-903-2875
하늘소아청소년과의원,의원,"경기도 고양시 일산동구 중산로 105, (중산동, 현해프라자 303호)",031-977-1822
하얀마음한의원,한의원,"경기도 고양시 일산동구 성현로 4, 1층 일부호 (성석동)",031-914-6911
하은이비인후과의원,의원,"경기도 고양시 일산동구 장백로 56, (백석동,크리스탈빌딩 204호)",031-901-0035
하하치과의원,치과의원,"경기도 고양시 일산동구 중앙로 1200, 삼희골드프라자 208,209호 (마두동)",031-921-4449
한경숙내과의원,의원,"경기도 고양시 일산동구 중앙로 1036, 3층 일부호 (백석동, 베스트 고양터미널)",031-811-2017
한빛영상의학과의원,의원,"경기도 고양시 일산동구 중앙로 1068, 리더스프라자 5,6층 (백석동)",031-907-7582
함소아(含笑兒)한의원,한의원,"경기도 고양시 일산동구 정발산로 38, 장항동이스턴시티 308-1호 (장항동)",031-925-1100
해내봄한의원,한의원,"경기도 고양시 일산동구 숲속마을로 42, 202호 (풍동, 에이스타워)",031-905-7523
해독한의원,한의원,"경기도 고양시 일산동구 중앙로 1080, 남정골드프라자 201-2호, 201호(일부) (백석동)",031-901-8270
해랑한의원,한의원,"경기도 고양시 일산동구 일산로 240, 백마프라자 3층 (마두동)",031-901-8577
해맑은신경외과의원,의원,"경기도 고양시 일산동구 일산로 217, 일산메가스터디학원 2층 (마두동)",031-905-9117
해맑은한의원,한의원,"경기도 고양시 일산동구 탄중로 322, (중산동, 고봉프라자 303~304호)",031-975-7582
해븐리병원,병원,"경기도 고양시 일산동구 중산로 117, 지하1층 일부, 1층 일부, 2~5층 (중산동)",031-922-8822
해빛소아청소년과의원,의원,"경기도 고양시 일산동구 숲속마을1로 73, (풍동, 신성메디칼타운 5층)",031-932-1112
해아림한의원,한의원,"경기도 고양시 일산동구 중앙로 1167, 5층 일부호 (장항동)",031-994-7175
해피스마일치과의원,치과의원,"경기도 고양시 일산동구 중앙로 1189, (장항동, 굿모닝법조타운B/D2.901,902호)",031-908-2808
행복한미래치과의원,치과의원,"경기도 고양시 일산동구 일산로 153, 백송마을2단지 2층 203호 (백석동)",031-908-8275
향지한의원,한의원,"경기도 고양시 일산동구 위시티로 81, (식사동, 풍산트윈시티 2 201호)",070-4176-3969
허브치과의원,치과의원,"경기도 고양시 일산동구 탄중로 316, (중산동, 솔샘프라자302호)",031-976-3433
허영호치과의원,치과의원,"경기도 고양시 일산동구 정발산로 43-20, 센트럴프라자 908호 (장항동)",031-932-1199
허유재병원,병원,"경기도 고양시 일산동구 중앙로 1317, 지하1층~5층,6층 일부, 8층 (장항동)",031-817-1100
형치과의원,치과의원,"경기도 고양시 일산동구 강촌로 157, (마두동,  서울코아빌딩301호)",031-907-2275
호수치과의원,치과의원,"경기도 고양시 일산동구 노루목로 99, (장항동, 호수마을5단지아파트상가209호)",031-902-3405
호수한의원,한의원,"경기도 고양시 일산동구 장백로 184, (장항동, 우신프라자 310~311호, 312호 일부)",031-906-2203
화이트드림치과의원,치과의원,"경기도 고양시 일산동구 정발산로 24, 302~304호 (장항동, 웨스턴돔2)",031-811-2879
화이트치과의원,치과의원,"경기도 고양시 일산동구 중앙로1275번길 60-30, (장항동,  일산라페스타B동 308,309,310호)",031-913-2872
